{
  "name": "高级赞助者",
  "icon": "emcworld:elite_emc_stored_totem",
  "category": "sponsors",
  "sortnum": 2,
  "pages": [
    {
      "type": "text",
      "text": "当赞助累计达到88.88元，则作为整合包的高级赞助者。$(br2)高级赞助者可以在合理范围定制一个或多个特别属于赞助者的专属物品，同时你可以将这些物品作为整合包的支线内容。$(br2)在进入游戏的时候，会显示蓝色的欢迎语，当前维度的其他玩家也可见。"
    },
    {
      "type": "text",
      "text": "在聊天发送信息的时候，旁边的括号将会有特殊的颜色，就像下面这样：$(br2)$(3)<$()名字$(3)>$() 信息"
    }
  ]
}