{
  "name": "赞助者",
  "icon": "emcworld:advanced_emc_stored_totem",
  "category": "sponsors",
  "sortnum": 1,
  "pages": [
    {
      "type": "text",
      "text": "当赞助累计达到36元，则作为整合包的赞助者。$(br2)赞助者可以在合理范围定制一个特别属于赞助者的专属物品。$(br2)在进入游戏的时候，会显示绿色的欢迎语。"
    },
    {
      "type": "text",
      "text": "在聊天发送信息的时候，旁边的括号将会有特殊的颜色，就像下面这样：$(br2)$(2)<$()名字$(2)>$() 信息"
    }
  ]
}