{
  "name": "顶级赞助者",
  "icon": "emcworld:ultimate_emc_stored_totem",
  "category": "sponsors",
  "sortnum": 3,
  "pages": [
    {
      "type": "text",
      "text": "当赞助累计达到288.88元，则作为整合包的顶级赞助者。$(br2)顶级赞助者可以在合理范围定制一个或多个特别属于赞助者的专属物品，这些物品可以作为游戏支线的一部分，它们也能作为主线的一部分。$(br2)在进入游戏的时候，会显示金色的欢迎语，当前服务器的所有玩家都会收到信息。"
    },
    {
      "type": "text",
      "text": "在聊天发送信息的时候，旁边的括号将会有特殊的颜色，就像下面这样：$(br2)$(6)<$()名字$(6)>$() 信息"
    }
  ]
}