{
  "name": "吉祥物",
  "icon": "minecraft:totem_of_undying",
  "category": "sponsors",
  "sortnum": 4,
  "pages": [
    {
      "type": "text",
      "text": "所有参加EMCWorld整合包内测的玩家均为吉祥物，但会在公测后对吉祥物玩家权益进行重新评判。$(br2)若提出了相当的意见，对整合包开发有积极作用的将保留。$(br2)公测后不再提供整合包吉祥物权益。"
    },
    {
      "type": "text",
      "text": "进入游戏的时候，会显示深蓝色的欢迎语，当前服务器的所有玩家都会收到信息.$(br2)在聊天发送信息的时候，旁边的括号将会有特殊的颜色，就像下面这样：$(br2)$(6)<$()名字$(6)>$() 信息"
    }
  ]
}