{
  "name": "宝石核心",
  "icon": "emcworld:gemstone_core",
  "category": "block",
  "sortnum": 15,
  "pages": [
    {
      "type": "text",
      "text": "该架构单个方块即可使用，无多方块结构。$(br2)该方块共有两种模式：$(br2)1.镶嵌宝石：$(br2)左侧放入任意$(6)质能圣器$()，右侧放入宝石。"
    },
    {
      "type": "text",
      "text": "2.拆除宝石：$(br2)右侧留空，左侧放入已经镶嵌过宝石的$(6)质能圣器$()。$(br2)关闭页面，在空手潜行状态下右击方块即可开始工作。$(c)目前$()强化一定成功，且无冷却时间。"
    },
    {
      "type": "text",
      "text": "共有四种宝石可用于镶嵌，分别是$(#bc3b29)血腥宝石$()、$(#55c024)自然宝石$()、$(#2470c0)湖静宝石$()、$(#8f24c0)深渊宝石$()。$(br2)由于受到未知质能力量影响，本书无法解释这些宝石的区别，需要玩家自行探索。"
    }
  ]
}