{
  "name": "注入核心架构",
  "icon": "emcworld:infuser_core",
  "category": "block",
  "sortnum": 3,
  "pages": [
    {
      "type": "text",
      "text": "该方块单个方块即可成型，搭建多方块结构使当前架构有不同等级。$(br2)该结构是消耗EMC从而将五个物品合成为一个的结构。$(br2)右击即可打开GUI，在最中间的格子放入任何等级的EMC宝石即可为架构填充EMC。"
    },
    {
      "type": "text",
      "text": "如果一个EMC的宝石提供的EMC大于当前架构的最大容量，那么不会消耗宝石也不会填充EMC。$(br2)合成需要消耗大量时间，多方块架构会根据当前区块的$(2)辐射剂量$()加速。$(br2)右侧的条代表当前$(5)EMC存量$()，下方的条代表当前$(2)辐射剂量$()。$(br2)所有可以质能充能的物品均可在里面充能，充能速率由当前架构等级决定。"
    },
    {
      "type": "text",
      "text": "不同等级的架构会在GUI中以左上角的颜色块来显示，不同等级的架构的EMC存量，$(2)辐射最大量$()都不相同。$(br2)架构的等级必须大于等于物品的制作需求等级。后面分别是二，三，四级的多方块示意图。$(br2)在升级的时候，你不需要拆除原有的方块，因为每一级都是按原有等级升级上去的。"
    },
    {
      "type": "multiblock",
      "multiblock": {
        "pattern": [
          ["       "," H   H ","       ","   I   ","       "," H   H ","       "],
          ["       "," F   F ","       ","   0   ","       "," F   F ","       "],
          ["       "," F   F ","       ","   G   ","       "," F   F ","       "],
          [" AAAAA ","ABCCCBA","ACDDDCA","ACDEDCA","ACDDDCA","ABCCCBA"," AAAAA "]
        ],
        "mapping": {
          "A": "astralsorcery:marble_runed",
          "B": "bloodmagic:masterritualstone",
          "C": "astralsorcery:black_marble_arch",
          "D": "mekanism:steel_casing",
          "E": "minecraft:beacon",
          "F": "astralsorcery:infused_wood_column",
          "G": "emcworld:infuser_core",
          "H": "astralsorcery:celestial_collector_crystal",
          "I": "botania:natura_pylon"
        }
      }
    },
    {
      "type": "multiblock",
      "multiblock": {
        "pattern": [
          ["         "," O     O ","         ","         ","    0    ","         ","         "," O     O ","         "],
          ["         "," N     N ","  H   H  ","         ","    I    ","         ","  H   H  "," N     N ","         "],
          ["         "," L     L ","  F   F  ","         ","    M    ","         ","  F   F  "," L     L ","         "],
          ["         "," L     L ","  F   F  ","         ","    G    ","         ","  F   F  "," L     L ","         "],
          [" KKKKKKK ","KJAAAAAJK","KABCCCBAK","KACDDDCAK","KACDEDCAK","KACDDDCAK","KABCCCBAK","KJAAAAAJK"," KKKKKKK "]
        ],
        "mapping": {
          "A": "astralsorcery:marble_runed",
          "B": "bloodmagic:masterritualstone",
          "C": "astralsorcery:black_marble_arch",
          "D": "mekanism:steel_casing",
          "E": "minecraft:beacon",
          "F": "astralsorcery:infused_wood_column",
          "G": "emcworld:infuser_core",
          "H": "astralsorcery:celestial_collector_crystal",
          "I": "botania:natura_pylon",
          "J": "undergarden:forgotten_block",
          "K": "undergarden:shiverstone_bricks",
          "L": "astralsorcery:marble_pillar",
          "M": "astralsorcery:ritual_pedestal",
          "N": "minecraft:lodestone",
          "O": "naturesaura:field_creator"
        }
      }
    },
    {
      "type": "multiblock",
      "multiblock": {
        "pattern": [
          ["U         U","           ","           ","           ","           ","           ","           ","           ","           ","           ","U         U"],
          ["S         S","           ","  O     O  ","           ","           ","     0     ","           ","           ","  O     O  ","           ","S         S"],
          ["S         S","           ","  N     N  ","   H   H   ","           ","     I     ","           ","   H   H   ","  N     N  ","           ","S         S"],
          ["S         S","           ","  L     L  ","   F   F   ","           ","     M     ","           ","   F   F   ","  L     L  ","           ","S         S"],
          ["S         S"," T       T ","  L     L  ","   F   F   ","           ","     G     ","           ","   F   F   ","  L     L  "," T       T ","S         S"],
          ["PQQQQQQQQQP","QRKKKKKKKRQ","QKJAAAAAJKQ","QKABCCCBAKQ","QKACDDDCAKQ","QKACDEDCAKQ","QKACDDDCAKQ","QKABCCCBAKQ","QKJAAAAAJKQ","QRKKKKKKKRQ","PQQQQQQQQQP"]
        ],
        "mapping": {
          "A": "astralsorcery:marble_runed",
          "B": "bloodmagic:masterritualstone",
          "C": "astralsorcery:black_marble_arch",
          "D": "mekanism:steel_casing",
          "E": "minecraft:beacon",
          "F": "astralsorcery:infused_wood_column",
          "G": "emcworld:infuser_core",
          "H": "astralsorcery:celestial_collector_crystal",
          "I": "botania:natura_pylon",
          "J": "undergarden:forgotten_block",
          "K": "undergarden:shiverstone_bricks",
          "L": "astralsorcery:marble_pillar",
          "M": "astralsorcery:ritual_pedestal",
          "N": "minecraft:lodestone",
          "O": "naturesaura:field_creator",
          "P": "allthemodium:unobtainium_block",
          "Q": "minecraft:end_stone_bricks",
          "R": "cataclysm:chiseled_end_stone_bricks",
          "S": "cataclysm:end_stone_pillar",
          "T": "minecraft:netherite_block",
          "U": "gobber2:gobber2_block_end"
        }
      }
    }
  ]
}