{
  "name": "重铸架构",
  "icon": "emcworld:prefix_core",
  "category": "block",
  "sortnum": 10,
  "pages": [
    {
      "type": "text",
      "text": "该架构在单个方块下即可成型，多方块结构有其他用途，请参见下文。$(br2)这是通过将强化卷轴的权重注入到重铸卷轴中，并使用重铸卷轴刷新装备前缀的结构。"
    },
    {
      "type": "text",
      "text": "该架构共有两种模式：$(br2)注入模式：将任意种类的强化卷轴放在其左边，将重铸卷轴放在右边，即可将强化卷轴的权重注入到重铸卷轴中。$(br2)若强化卷轴有武器损失概率，那么只注入不损失部分。$(br2)例如图乐卷轴实际注入2500*(1-30%)=1750权重。$(br2)需要注意的是，该操作$(c)不可逆$()。"
    },
    {
      "type": "text",
      "text": "重铸的时候权重会乘当前整合包难度系数。$(br2)当给重铸卷轴注入权重后，玩家可将鼠标悬浮上看到其能重铸到词条的百分比。$(br2)越高权重则会向更高前缀增加概率，但每次刷新权重均为随机，因此权重越高$(c)不一定$()高前缀的概率越大。$(br2)另外一种模式是重铸模式，这个模式需要你将重铸卷轴放在左边，需要刷新词条的装备放在右边。"
    },
    {
      "type": "text",
      "text": "按下重铸按钮即可刷新装备的前缀，其概率将按照重铸卷轴的概率而定。$(br2)每个重铸卷轴只能使用一次。$(br2)重铸卷轴可在最高级别的质能工程师换取。$(br2)部分质能圣器和武器会有最低前缀，例如+22以上的质能圣器最低为史诗前缀。$(br2)多方块结构可以提升注入模式下额外的注入量，多方块结构可见下一页。"
    },
    {
      "type": "text",
      "text": "多方块结构：$(br2)我还没想好"
    }
  ]
}