{
  "name": "质能占星架构",
  "icon": "emcworld:star_pedestal",
  "category": "block",
  "sortnum": 7,
  "pages": [
    {
      "type": "text",
      "text": "该多方块结构在单个方块的时候不成形。$(br2)这是一个通过使用材料给$(6)质能圣器$()添加星级的架构。$(br2)该架构有两种模式：增加最大星数和增加星数。$(br2)增加星数必须存在其最大星数的时候才能使用。"
    },
    {
      "type": "text",
      "text": "该架构共有四个等级，这些等级对应的基座分别是：木基座、基座、暗物质台座、星能注入器。$(br2)所有的配方都可以在JEI中查到。$(br2)对于同一个类型的基座，上方物品的摆放是无序的。$(br2)当材料摆放好后将$(6)质能圣器$()放在核心上面，使用共振星杖右击，等待一会就能合成了。$(br2)合成完成后会消耗台座上的物品，然后实现对应效果。"
    },
    {
      "type": "text",
      "text": "需要注意的是，不同的配方可能有对应的星座，这个时候你就要调整上面的聚能水晶对应的星座了。$(br2)对于$(6)质能圣器$()而言，每一颗星会使其全能面板提升1%，第二颗星会提升2%，第三颗是3%，以此类推。$(br2)$(c)目前$()每次合成只需要3秒，且100%成功。$(br2)当你搭建好多方块结构后，上面的聚能水晶会发出其他颜色的光芒，多方块结构参见下一页。"
    },
    {
      "type": "multiblock",
      "multiblock": {
        "pattern": [
          ["       ","       ","       ","   A   ","       ","       ","       "],
          ["       ","       ","       ","   0   ","       ","       ","       "],
          ["   B   ","       ","       ","B  C  B","       ","       ","   B   "],
          ["   D   ","       ","       ","D     D","       ","       ","   D   "]
        ],
        "mapping": {
          "A": "astralsorcery:rock_collector_crystal",
          "B": "naturesaura:wood_stand",
          "C": "emcworld:star_pedestal",
          "D": "astralsorcery:starmetal"
        }
      }
    },
    {
      "type": "multiblock",
      "multiblock": {
        "pattern": [
          ["             ","             ","             ","             ","             ","             ","      A      ","             ","             ","             ","             ","             ","             "],
          ["      E      ","             ","             ","   E     E   ","             ","             ","E     0     E","             ","             ","   E     E   ","             ","             ","      E      "],
          ["      F      ","             ","             ","   F  B  F   ","             ","             ","F  B  C  B  F","             ","             ","   F  B  F   ","             ","             ","      F      "],
          ["             ","             ","             ","      D      ","             ","             ","   D     D   ","             ","             ","      D      ","             ","             ","             "]
        ],
        "mapping": {
          "A": "astralsorcery:rock_collector_crystal",
          "B": "naturesaura:wood_stand",
          "C": "emcworld:star_pedestal",
          "D": "astralsorcery:starmetal",
          "E": "extendedcrafting:pedestal",
          "F": "minecraft:netherite_block"
        }
      }
    },
    {
      "type": "multiblock",
      "multiblock": {
        "pattern": [
          ["   G     G   ","             ","             ","G           G","             ","             ","      A      ","             ","             ","G           G","             ","             ","   G     G   "],
          ["   H  E  H   ","             ","             ","H  E     E  H","             ","             ","E     0     E","             ","             ","H  E     E  H","             ","             ","   H  E  H   "],
          ["   H  F  H   ","             ","             ","H  F  B  F  H","             ","             ","F  B  C  B  F","             ","             ","H  F  B  F  H","             ","             ","   H  F  H   "],
          ["             ","             ","             ","      D      ","             ","             ","   D     D   ","             ","             ","      D      ","             ","             ","             "]
        ],
        "mapping": {
          "A": "astralsorcery:rock_collector_crystal",
          "B": "naturesaura:wood_stand",
          "C": "emcworld:star_pedestal",
          "D": "astralsorcery:starmetal",
          "E": "extendedcrafting:pedestal",
          "F": "minecraft:netherite_block",
          "G": "projecte:dm_pedestal",
          "H": "undergarden:cloggrum_block"
        }
      }
    },
    {
      "type": "multiblock",
      "multiblock": {
        "pattern": [
          ["         I         ","                   ","                   ","                   ","                   ","                   ","                   ","                   ","                   ","I                 I","                   ","                   ","                   ","                   ","                   ","                   ","                   ","                   ","         I         "],
          ["         J         ","                   ","                   ","      G     G      ","                   ","                   ","   G           G   ","                   ","                   ","J        A        J","                   ","                   ","   G           G   ","                   ","                   ","      G     G      ","                   ","                   ","         J         "],
          ["         J         ","                   ","                   ","      H  E  H      ","                   ","                   ","   H  E     E  H   ","                   ","                   ","J  E     0     E  J","                   ","                   ","   H  E     E  H   ","                   ","                   ","      H  E  H      ","                   ","                   ","         J         "],
          ["         J         ","                   ","                   ","      H  F  H      ","                   ","                   ","   H  F  B  F  H   ","                   ","                   ","J  F  B  C  B  F  J","                   ","                   ","   H  F  B  F  H   ","                   ","                   ","      H  F  H      ","                   ","                   ","         J         "],
          ["                   ","                   ","                   ","                   ","                   ","                   ","         D         ","                   ","                   ","      D     D      ","                   ","                   ","         D         ","                   ","                   ","                   ","                   ","                   ","                   "]
        ],
        "mapping": {
          "A": "astralsorcery:rock_collector_crystal",
          "B": "naturesaura:wood_stand",
          "C": "emcworld:star_pedestal",
          "D": "astralsorcery:starmetal",
          "E": "extendedcrafting:pedestal",
          "F": "minecraft:netherite_block",
          "G": "projecte:dm_pedestal",
          "H": "undergarden:cloggrum_block",
          "I": "astralsorcery:infuser",
          "J": "projecte:red_matter_block"
        }
      }
    }
  ]
}