{
  "name": "灵气转化架构",
  "icon": "emcworld:vis_conversion_core",
  "category": "block",
  "sortnum": 5,
  "pages": [
    {
      "type": "text",
      "text": "该架构单个方块无法使用，必须搭建多方块结构。$(br2)这是一个吸取玩家$(5)EMC$()从而转变为$(2)灵气$()的核心。$(br2)搭建好多方块结构后，玩家在方块的五格内，就会消耗玩家的$(5)EMC$()从而为当前区块补充$(2)灵气$()。"
    },
    {
      "type": "text",
      "text": "多方块结构：$(br2)我还没想好"
    }
  ]
}