{
  "name": "武器升级核心",
  "icon": "emcworld:weapon_upgrade_core",
  "category": "block",
  "sortnum": 4,
  "pages": [
    {
      "type": "text",
      "text": "该架构单个方块即可使用，无多方块结构。$(br2) 所有的武器、工具、盔甲都可以升级，它的等级会在名字旁边以+x的形式显示。$(br2)每当提升它们的等级，它的攻击力、范围攻击、治疗效能、最大生命值等属性均会发生变动，不同类型的物品会变动的属性不相同。"
    },
    {
      "type": "text",
      "text": "$(br2)随着强化，它们的额外属性会线性提升，但$(6)质能圣器$()的额外属性会指数提升。$(br2)打开GUI后，将需要强化的装备放在中间，在周围四个格子里面放入$(6)质能圣器$()或$(6)武器强化卷轴$()，在右侧会显示出当前升级的成功率。"
    },
    {
      "type": "text",
      "text": "在右下角的格子中，可以放入$(5)幸运水晶$()，以便提高升级的成功率。$(br2)当你一切准备就绪后，关闭GUI页面，保持空手，按住潜行右击武器升级核心即可升级。$(br2)如果升级成功，那么武器的等级将+1，如果升级失败，那么不会发生任何变化。$(br2)值得注意的是：当武器的强化等级大于其最大等级的1/3，失败后武器的强化会$(4)回退一级$()。"
    },
    {
      "type": "text",
      "text": "无论成功还是失败，周围的材料和幸运宝石都会被消耗。$(br2)当合成失败的时候（无论是否搭建多方块），会在上方产出一定量$(5)幸运宝石$()，产出数量跟成功率，强化等级有关。$(br2)幸运宝石可以8个合成为更高级的幸运宝石。"
    }
  ]
}