{
  "name": "灾厄村民",
  "icon": "minecraft:iron_axe",
  "category": "emerald",
  "sortnum": 1,
  "pages": [
    {
      "type": "text",
      "text": "在远古时期，村民为了和灾厄村民抢夺质能力量进行了一场持续114514天无休止的战斗，但最后非常不幸，灾厄村民抢到了这股未知的力量。$(br2)他们将对玩家造成更高伤害，当玩家$(c)未进入$()one阶段，其伤害提升18倍；$(c)未进入$()two阶段，伤害提升6倍；$(c)未进入$()three阶段，伤害提升2倍。"
    },
    {
      "type": "text",
      "text": "这股神奇的力量同时应用到了其远程伤害。$(br2)同时这股力量持续打压村民和铁傀儡，因此无论周围玩家到何阶段何难度，村民和铁傀儡的生命值、铁傀儡的攻击力将$(c)永远$()维持在默认值。$(br2)由灾厄村民看守的战利品宝箱，因受其强大的质能力量影响，当玩家在进入three阶段之前无法打开。"
    }
  ]
}