{
  "name": "袭击",
  "icon": "minecraft:textures/mob_effect/bad_omen.png",
  "category": "emerald",
  "sortnum": 2,
  "pages": [
    {
      "type": "text",
      "text": "受质能力量的影响，这里的灾厄村民变得极为狂躁且更加趾高气扬。$(br2)在它们眼中，只愿攻击$(c)玩家职业等级达到80级且二转$()后玩家所在的村庄，同时它们不愿意在$(c)除了主世界$()的维度发起袭击。"
    },
    {
      "type": "text",
      "text": "灾厄村民觉得只有价值的村庄才适合去进攻，当玩家死亡后村庄将被洗劫一空，这也意味着$(c)袭击失败$()。$(br2)受质能力量影响，袭击的最大波数将提升至$(c)20$()波（受难度而定），灾厄村民将更狂躁的进行攻击。$(br2)当袭击开始时，灾厄村民会从村庄$(c)任何位置$()进攻，且所有灾厄村民将全部分散式进攻，它们会精密计算，按照村民和玩家所在位置的$(2)算术平均值$()坐标进攻。"
    },
    {
      "type": "text",
      "text": "灾厄村民们掌握到了质能力量的核心，因此在袭击进行时，所有方块实体将会$(c)停止工作$()。同时它们$(c)不会$()受到摔落、爆炸、队友伤害。$(br2)而村民压制了质能世界的力量，因此当村民过少时，玩家将获得额外的$(2)伤害加成$()。$(br2)这些袭击者们会掉落独特的灾厄碎片（仅3.0难度），这些碎片具有极大的作用，并且十分的稀有。"
    }
  ]
}