{
  "name": "质能真实伤害",
  "icon": "projecte:red_matter",
  "category": "attack",
  "sortnum": 1,
  "pages": [
    {
      "type": "text",
      "text": "汇聚EMC的能量造成的伤害为质能真实伤害。$(br2)该伤害在计算的时候会$(c)无视$()目标的护甲、药水效果、固定减伤等属性。"
    },
    {
      "type": "text",
      "text": "任何$(3)法杖$()造成的伤害均为质能真实伤害，并且所有能造成范围伤害的武器造成的范围伤害也属于质能真实伤害。$(br2)除了盖亚守护者外，被质能真实伤害击杀的实体不算做玩家击杀。$(br2)但质能真实伤害造成的伤害量在袭击胜利的时候统计到输出排行榜中。"
    }
  ]
}