{
  "name": "法杖",
  "icon": "emcworld:diamond_staff",
  "category": "attack",
  "sortnum": 2,
  "pages": [
    {
      "type": "text",
      "text": "质能世界的法杖原型是$(2)泰拉之刃$()，但是存在一些不同的地方。$(br2)法杖的射线会$(c)穿过$()实体，这就意味着你一次可以攻击多个实体。$(br2)为了避免攻击到队友或者友善生物，你可以调整射线会攻击到哪些生物（需要调整键位）。"
    },
    {
      "type": "text",
      "text": "被法杖击中的实体，“无敌帧”会额外增加0.25秒。$(br2)法杖只有击中实体后才会损失EMC，同时法杖消耗的EMC会更高。"
    }
  ]
}