{
  "name": "EMC损耗",
  "icon": "emcworld:small_emc_gem",
  "category": "start",
  "sortnum": 1,
  "pages":[
    {
      "type": "text",
      "text": "这是一个被质能所控制的世界，你在这里的一举一动都会打破这个世界的质能平衡。$(br2)因此当你在这个世界打破平衡的时候，你将会$(4)损失$()一定的EMC值，当你的EMC不足以损耗的时候，可能会带来严重后果。$(br2)随着你能力的变强，对世界的平衡破坏越大，你将损失$(4)更多$()的EMC值。"
    },
    {
      "type": "text",
      "text": "当你攻击、受伤、死亡、捡起物品、起床、打开容器、使用锄头、使用桶、制作物品都会消耗EMC值。$(br2)你的EMC值会在屏幕左上角显示，EMC右侧的数值为$(4)死亡阈值$()，当玩家死亡的时候若EMC低于$(4)死亡阈值$()物品将会全部掉落。反之，消耗$(4)死亡阈值$()的EMC，进而保证玩家死亡后物品不掉落。$(br2)自 EMCWorld 0.4.0 版本起，$(6)质能圣器$()无论如何不会在玩家死亡时掉落。"
    }
  ]
}