{
  "name": "职业",
  "icon": "emcworld:profession_sword",
  "category": "start",
  "sortnum": 3,
  "pages":[
    {
      "type": "text",
      "text": "想要在这个世界成功立足，当然要选择属于自己的职业。$(br2)目前可供选择：战士，坦克，法师三个职业，当使用对应的职业物品后即可转为该职业。$(br2)玩家的职业等级能在屏幕左上角EMC下方查看。"
    },
    {
      "type": "text",
      "text": "在质能世界里面提升等级只有一种方式，那就是消耗EMC。$(br2)当玩家每次消耗EMC的时候，都会给玩家增加一定的经验值。$(br2)玩家初始最大等级为10级，需要制作不同的物品来提升等级上限，同时玩家能获取到新的技能。$(br2)玩家职业信息和技能列表可在职业站点核心查看。"
    }
  ]
}